{
  "providers": {
    "awscloudformation": {
      "AuthRoleName": "amplify-awssignin-dev-194301-authRole",
      "UnauthRoleArn": "arn:aws:iam::507447748137:role/amplify-awssignin-dev-194301-unauthRole",
      "AuthRoleArn": "arn:aws:iam::507447748137:role/amplify-awssignin-dev-194301-authRole",
      "Region": "us-east-1",
      "DeploymentBucketName": "amplify-awssignin-dev-194301-deployment",
      "UnauthRoleName": "amplify-awssignin-dev-194301-unauthRole",
      "StackName": "amplify-awssignin-dev-194301",
      "StackId": "arn:aws:cloudformation:us-east-1:507447748137:stack/amplify-awssignin-dev-194301/3d225b60-8dcc-11ed-bd69-0a066d535303",
      "AmplifyAppId": "d1wflrlqy22o70"
    }
  },
  "analytics": {
    "awssignin": {
      "providerPlugin": "awscloudformation",
      "service": "Pinpoint",
      "output": {
        "appName": "awssignin-dev",
        "Region": "us-east-1",
        "Id": "eb77f6ec753e4e81ba9ed63dd83ae66c"
      },
      "lastPushTimeStamp": "2023-04-02T20:24:59.783Z",
      "providerMetadata": {
        "s3TemplateURL": "https://s3.amazonaws.com/amplify-awssignin-dev-194301-deployment/amplify-cfn-templates/analytics/pinpoint-cloudformation-template.json",
        "logicalId": "analyticsawssignin"
      }
    }
  },
  "api": {},
  "auth": {
    "awssignine8569b8a": {
      "customAuth": false,
      "dependsOn": [],
      "frontendAuthConfig": {
        "mfaConfiguration": "OFF",
        "mfaTypes": [
          "SMS"
        ],
        "passwordProtectionSettings": {
          "passwordPolicyMinLength": 8,
          "passwordPolicyCharacters": []
        },
        "signupAttributes": [
          "EMAIL"
        ],
        "socialProviders": [],
        "usernameAttributes": [
          "EMAIL"
        ],
        "verificationMechanisms": [
          "EMAIL"
        ]
      },
      "providerPlugin": "awscloudformation",
      "service": "Cognito",
      "output": {
        "UserPoolId": "us-east-1_O6eHH3MNX",
        "AppClientIDWeb": "6mqonqevkg54bnmjmaj0tk9nvi",
        "AppClientID": "6ddtlrmcmdbhksdet66l74n23q",
        "IdentityPoolId": "us-east-1:6a2e46ab-83e6-42fd-b737-512dea89e9ec",
        "UserPoolArn": "arn:aws:cognito-idp:us-east-1:507447748137:userpool/us-east-1_O6eHH3MNX",
        "IdentityPoolName": "awssignine8569b8a_identitypool_e8569b8a__dev",
        "UserPoolName": "awssignine8569b8a_userpool_e8569b8a"
      },
      "lastPushTimeStamp": "2023-04-02T20:24:59.796Z",
      "providerMetadata": {
        "s3TemplateURL": "https://s3.amazonaws.com/amplify-awssignin-dev-194301-deployment/amplify-cfn-templates/auth/awssignine8569b8a-cloudformation-template.json",
        "logicalId": "authawssignine8569b8a"
      }
    }
  },
  "storage": {
    "s3awssigninvideobucket": {
      "dependsOn": [],
      "providerPlugin": "awscloudformation",
      "service": "S3",
      "output": {
        "BucketName": "awssignin-video-bucket194301-dev",
        "Region": "us-east-1"
      },
      "lastPushTimeStamp": "2023-04-02T20:25:02.614Z",
      "providerMetadata": {
        "s3TemplateURL": "https://s3.amazonaws.com/amplify-awssignin-dev-194301-deployment/amplify-cfn-templates/storage/cloudformation-template.json",
        "logicalId": "storages3awssigninvideobucket"
      }
    }
  }
}