{
  "version": "1",
  "cognitoConfig": {
    "identityPoolName": "awssignine8569b8a_identitypool_e8569b8a",
    "allowUnauthenticatedIdentities": true,
    "resourceNameTruncated": "awssige8569b8a",
    "userPoolName": "awssignine8569b8a_userpool_e8569b8a",
    "autoVerifiedAttributes": [
      "email"
    ],
    "mfaConfiguration": "OFF",
    "mfaTypes": [
      "SMS Text Message"
    ],
    "smsAuthenticationMessage": "Your authentication code is {####}",
    "smsVerificationMessage": "Your verification code is {####}",
    "emailVerificationSubject": "Your verification code",
    "emailVerificationMessage": "Your verification code is {####}",
    "defaultPasswordPolicy": false,
    "passwordPolicyMinLength": 8,
    "passwordPolicyCharacters": [],
    "requiredAttributes": [
      "email"
    ],
    "aliasAttributes": [],
    "userpoolClientGenerateSecret": false,
    "userpoolClientRefreshTokenValidity": 30,
    "userpoolClientWriteAttributes": [],
    "userpoolClientReadAttributes": [],
    "userpoolClientLambdaRole": "awssige8569b8a_userpoolclient_lambda_role",
    "userpoolClientSetAttributes": false,
    "sharedId": "e8569b8a",
    "resourceName": "awssignine8569b8a",
    "authSelections": "identityPoolAndUserPool",
    "useDefault": "manual",
    "usernameAttributes": [
      "email"
    ],
    "userPoolGroupList": [],
    "serviceName": "Cognito",
    "usernameCaseSensitive": false,
    "useEnabledMfas": true,
    "authRoleArn": {
      "Fn::GetAtt": [
        "AuthRole",
        "Arn"
      ]
    },
    "unauthRoleArn": {
      "Fn::GetAtt": [
        "UnauthRole",
        "Arn"
      ]
    },
    "breakCircularDependency": true,
    "dependsOn": [],
    "userPoolGroups": false,
    "adminQueries": false,
    "thirdPartyAuth": false,
    "authProviders": [],
    "hostedUI": false
  }
}